<tags>
  <tag>
    <label><![CDATA[glows]]></label>
    <keyword><![CDATA[glows]]></keyword>
    <count>22.5</count>
  </tag>
   <tag>
    <label><![CDATA[attach]]></label>
    <keyword><![CDATA[attach]]></keyword>
    <count>15</count>
  </tag>
   <tag>
    <label><![CDATA[menu]]></label>
    <keyword><![CDATA[menu]]></keyword>
    <count>22.5</count>
  </tag>
   <tag>
    <label><![CDATA[albums]]></label>
    <keyword><![CDATA[albums]]></keyword>
    <count>15</count>
  </tag>
   <tag>
    <label><![CDATA[connector]]></label>
    <keyword><![CDATA[connector]]></keyword>
    <count>18.75</count>
  </tag>
   <tag>
    <label><![CDATA[allow]]></label>
    <keyword><![CDATA[allow]]></keyword>
    <count>15</count>
  </tag>
   <tag>
    <label><![CDATA[disconnect]]></label>
    <keyword><![CDATA[disconnect]]></keyword>
    <count>15</count>
  </tag>
   <tag>
    <label><![CDATA[free]]></label>
    <keyword><![CDATA[free]]></keyword>
    <count>18.75</count>
  </tag>
   <tag>
    <label><![CDATA[automatic]]></label>
    <keyword><![CDATA[automatic]]></keyword>
    <count>15</count>
  </tag>
   <tag>
    <label><![CDATA[lock]]></label>
    <keyword><![CDATA[lock]]></keyword>
    <count>15</count>
  </tag>
   <tag>
    <label><![CDATA[apply]]></label>
    <keyword><![CDATA[apply]]></keyword>
    <count>26.25</count>
  </tag>
   <tag>
    <label><![CDATA[data]]></label>
    <keyword><![CDATA[data]]></keyword>
    <count>18.75</count>
  </tag>
   <tag>
    <label><![CDATA[options]]></label>
    <keyword><![CDATA[options]]></keyword>
    <count>18.75</count>
  </tag>
   <tag>
    <label><![CDATA[import]]></label>
    <keyword><![CDATA[import]]></keyword>
    <count>15</count>
  </tag>
   <tag>
    <label><![CDATA[devices]]></label>
    <keyword><![CDATA[devices]]></keyword>
    <count>15</count>
  </tag>
   <tag>
    <label><![CDATA[composer]]></label>
    <keyword><![CDATA[composer]]></keyword>
    <count>18.75</count>
  </tag>
   <tag>
    <label><![CDATA[comments]]></label>
    <keyword><![CDATA[comments]]></keyword>
    <count>18.75</count>
  </tag>
   <tag>
    <label><![CDATA[connect]]></label>
    <keyword><![CDATA[connect]]></keyword>
    <count>15</count>
  </tag>
   <tag>
    <label><![CDATA[quality]]></label>
    <keyword><![CDATA[quality]]></keyword>
    <count>18.75</count>
  </tag>
   <tag>
    <label><![CDATA[accessed]]></label>
    <keyword><![CDATA[accessed]]></keyword>
    <count>18.75</count>
  </tag>
   <tag>
    <label><![CDATA[ position]]></label>
    <keyword><![CDATA[ position]]></keyword>
    <count>15</count>
  </tag>
   <tag>
    <label><![CDATA[window]]></label>
    <keyword><![CDATA[window]]></keyword>
    <count>15</count>
  </tag>
   <tag>
    <label><![CDATA[multiple]]></label>
    <keyword><![CDATA[multiple]]></keyword>
    <count>15</count>
  </tag>
   <tag>
    <label><![CDATA[verify]]></label>
    <keyword><![CDATA[verify]]></keyword>
    <count>15</count>
  </tag>
   <tag>
    <label><![CDATA[entire]]></label>
    <keyword><![CDATA[entire]]></keyword>
    <count>18.75</count>
  </tag>
   <tag>
    <label><![CDATA[high]]></label>
    <keyword><![CDATA[high]]></keyword>
    <count>15</count>
  </tag>
   <tag>
    <label><![CDATA[versus]]></label>
    <keyword><![CDATA[versus]]></keyword>
    <count>15</count>
  </tag>
   <tag>
    <label><![CDATA[accessories]]></label>
    <keyword><![CDATA[accessories]]></keyword>
    <count>18.75</count>
  </tag>
   <tag>
    <label><![CDATA[required]]></label>
    <keyword><![CDATA[required]]></keyword>
    <count>15</count>
  </tag>
   <tag>
    <label><![CDATA[plug in]]></label>
    <keyword><![CDATA[plug in]]></keyword>
    <count>15</count>
  </tag>
   <tag>
    <label><![CDATA[mode]]></label>
    <keyword><![CDATA[mode]]></keyword>
    <count>18.75</count>
  </tag>
   <tag>
    <label><![CDATA[artist]]></label>
    <keyword><![CDATA[artist]]></keyword>
    <count>18.75</count>
  </tag>
   <tag>
    <label><![CDATA[compatibility]]></label>
    <keyword><![CDATA[compatibility]]></keyword>
    <count>18.75</count>
  </tag>
   <tag>
    <label><![CDATA[charge]]></label>
    <keyword><![CDATA[charge]]></keyword>
    <count>18.75</count>
  </tag>
   <tag>
    <label><![CDATA[make]]></label>
    <keyword><![CDATA[make]]></keyword>
    <count>18.75</count>
  </tag>
   <tag>
    <label><![CDATA[times]]></label>
    <keyword><![CDATA[times]]></keyword>
    <count>15</count>
  </tag>
   <tag>
    <label><![CDATA[progressing]]></label>
    <keyword><![CDATA[progressing]]></keyword>
    <count>15</count>
  </tag>
   <tag>
    <label><![CDATA[activate]]></label>
    <keyword><![CDATA[activate]]></keyword>
    <count>18.75</count>
  </tag>
   <tag>
    <label><![CDATA[content]]></label>
    <keyword><![CDATA[content]]></keyword>
    <count>15</count>
  </tag>
   <tag>
    <label><![CDATA[pane]]></label>
    <keyword><![CDATA[pane]]></keyword>
    <count>15</count>
  </tag>
   <tag>
    <label><![CDATA[M4B]]></label>
    <keyword><![CDATA[M4B]]></keyword>
    <count>15</count>
  </tag>
   <tag>
    <label><![CDATA[Apple Lossless]]></label>
    <keyword><![CDATA[Apple Lossless]]></keyword>
    <count>18.75</count>
  </tag>
   <tag>
    <label><![CDATA[sign out]]></label>
    <keyword><![CDATA[sign out]]></keyword>
    <count>15</count>
  </tag>
   <tag>
    <label><![CDATA[match]]></label>
    <keyword><![CDATA[match]]></keyword>
    <count>15</count>
  </tag>
   <tag>
    <label><![CDATA[status bar]]></label>
    <keyword><![CDATA[status bar]]></keyword>
    <count>15</count>
  </tag>
   <tag>
    <label><![CDATA[128]]></label>
    <keyword><![CDATA[128]]></keyword>
    <count>26.25</count>
  </tag>
   <tag>
    <label><![CDATA[Finder]]></label>
    <keyword><![CDATA[Finder]]></keyword>
    <count>22.5</count>
  </tag>
   <tag>
    <label><![CDATA[prerequisites]]></label>
    <keyword><![CDATA[prerequisites]]></keyword>
    <count>15</count>
  </tag>
   <tag>
    <label><![CDATA[slider]]></label>
    <keyword><![CDATA[slider]]></keyword>
    <count>22.5</count>
  </tag>
   <tag>
    <label><![CDATA[prerequisite]]></label>
    <keyword><![CDATA[prerequisite]]></keyword>
    <count>15</count>
  </tag>
   <tag>
    <label><![CDATA[audible.com]]></label>
    <keyword><![CDATA[audible.com]]></keyword>
    <count>22.5</count>
  </tag>
   <tag>
    <label><![CDATA[mark]]></label>
    <keyword><![CDATA[mark]]></keyword>
    <count>15</count>
  </tag>
   <tag>
    <label><![CDATA[sign-up]]></label>
    <keyword><![CDATA[sign-up]]></keyword>
    <count>15</count>
  </tag>
   <tag>
    <label><![CDATA[change]]></label>
    <keyword><![CDATA[change]]></keyword>
    <count>15</count>
  </tag>
   <tag>
    <label><![CDATA[Terms]]></label>
    <keyword><![CDATA[Terms]]></keyword>
    <count>18.75</count>
  </tag>
   <tag>
    <label><![CDATA[book]]></label>
    <keyword><![CDATA[book]]></keyword>
    <count>15</count>
  </tag>
   <tag>
    <label><![CDATA[settings]]></label>
    <keyword><![CDATA[settings]]></keyword>
    <count>15</count>
  </tag>
   <tag>
    <label><![CDATA[instructions]]></label>
    <keyword><![CDATA[instructions]]></keyword>
    <count>15</count>
  </tag>
   <tag>
    <label><![CDATA[deselect]]></label>
    <keyword><![CDATA[deselect]]></keyword>
    <count>15</count>
  </tag>
   <tag>
    <label><![CDATA[equalizer]]></label>
    <keyword><![CDATA[equalizer]]></keyword>
    <count>18.75</count>
  </tag>
 </tags>